id;last_message_id;created_at;updated_at;conversation_name
1;cinema closely;hopelessly;instead;order unlawful
2;splash below er;suddenly er inwardly;harmful;scented positively
3;knottily stitcher;disrespect under;preclude amid opposite;drat fooey wonderful
4;along;smoothly near below;kiddingly supposing;developmental
5;upright peony;daily;dissemble;atrium phooey another
6;sundae;natural onto;modulo grown;bitterly elliptical
7;frizzy;mixed granular;huzzah unused;boyfriend very
8;fictionalize;duster hm regarding;excepting democratize;hm sandy
9;known shakily vice;times quaff navigate;midst;lucky
10;embed pricey;imagineer till whoa;loosely ouch separately;per
