id;raw_content;raw_content_content_type;transcript;timestamp;message_type
1;../fake-data/blob/hipster.png;image/png;subtract once without;plait;TEXT
2;../fake-data/blob/hipster.png;image/png;as newsstand broadside;duffel;VIDEO
3;../fake-data/blob/hipster.png;image/png;eek;queasily what;VIDEO
4;../fake-data/blob/hipster.png;image/png;doting supposing;weary across;VIDEO
5;../fake-data/blob/hipster.png;image/png;broadly wombat demonstrate;ha parade;VIDEO
6;../fake-data/blob/hipster.png;image/png;as supposing;jet;VOICE
7;../fake-data/blob/hipster.png;image/png;crafty yahoo;verify whose;TEXT
8;../fake-data/blob/hipster.png;image/png;vainly annually gleefully;triumphantly;VOICE
9;../fake-data/blob/hipster.png;image/png;superficial absent;even;VOICE
10;../fake-data/blob/hipster.png;image/png;cautiously;fall hierarchy information;VIDEO
